,,,,,,,,,,,,,,,,,,,,,,,,,
,,,,,,,,,,,,,,,,,,,,,,,,,
,,,,,,,,,,,,,,,<openpyxl.worksheet.formula.ArrayFormula object at 0x7f7c4a3129f0>,,,,,,,,,,
,,,,,=配置明细!P24,=F4,=G4,=H4,=I4,=J4,,,,,"=VLOOKUP(P3,配置明细!$B:$P,15,0)","=VLOOKUP(Q3,配置明细!$B:$P,15,0)","=VLOOKUP(R3,配置明细!$B:$P,15,0)","=VLOOKUP(S3,配置明细!$B:$P,15,0)","=VLOOKUP(T3,配置明细!$B:$P,15,0)","=VLOOKUP(U3,配置明细!$B:$P,15,0)","=VLOOKUP(V3,配置明细!$B:$P,15,0)","=VLOOKUP(W3,配置明细!$B:$P,15,0)","=VLOOKUP(X3,配置明细!$B:$P,15,0)","=VLOOKUP(Y3,配置明细!$B:$P,15,0)","=VLOOKUP(Z3,配置明细!$B:$P,15,0)"
,,,,=SUM(F5:K5),,,,,,,,,,,=P37,=Q37,=R37,=S37,=T37,=U37,=V37,=W37,=X37,=Y37,=Z37
,,,,,=I39,=H35,=G6,=H6,=I6,=J6,,,,,"=VLOOKUP(P$3,#REF!,9,0)","=VLOOKUP(Q$3,#REF!,9,0)","=VLOOKUP(R$3,#REF!,9,0)","=VLOOKUP(S$3,#REF!,9,0)","=VLOOKUP(T$3,#REF!,9,0)","=VLOOKUP(U$3,#REF!,9,0)","=VLOOKUP(V$3,#REF!,9,0)","=VLOOKUP(W$3,#REF!,9,0)","=VLOOKUP(X$3,#REF!,9,0)","=VLOOKUP(Y$3,#REF!,9,0)","=VLOOKUP(Z$3,#REF!,9,0)"
,,,,,=F6/F4,=G6/G4,=H6/H4,=I6/I4,=I7,=J7,,,=(E9-E13)/E5,,=P6/P4,=Q6/Q4,=R6/R4,=S6/S4,=T6/T4,=U6/U4,=V6/V4,=W6/W4,=X6/X4,=Y6/Y4,=Z6/Z4
,,,,,=(配置明细!L24+配置明细!M24+配置明细!N24)*3600/F4,=F8,=G8,=H8,=I8,=J8,,,,,,,,,,,,,,,
,,,,=SUM(F9:M9),=F6*F5,=G6*G5,=H6*H5,=I6*I5,=J6*J5,=K6*K5,,,=E9/E5,,=P6*P5,=Q6*Q5,=R6*R5,=S6*S5,=T6*T5,=U6*U5,=V6*V5,=W6*W5,=X6*X5,=Y6*Y5,=Z6*Z5
,,,,=E9-E14,=(F6-F14)*F5,=(G6-G14)*G5,=(H6-H14)*H5,=(I6-I14)*I5,=(J6-J14)*J5,=(K6-K14)*K5,,,,,=(P6-P14)*P5,=(Q6-Q14)*Q5,=(R6-R14)*R5,=(S6-S14)*S5,=(T6-T14)*T5,=(U6-U14)*U5,=(V6-V14)*V5,=(W6-W14)*W5,=(X6-X14)*X5,=(Y6-Y14)*Y5,=(Z6-Z14)*Z5
,,,,=(E9-E15-E16-E20-E23-E13-E31-E32)/E9,=((F6-F15-F16-F20-F23)-(F13/F5)-F31-F32)/F6,=((G6-G15-G16-G20-G23)-(G13/G5)-G31-G32)/G6,=((H6-H15-H16-H20-H23)-(H13/H5)-H31-H32)/H6,=((I6-I15-I16-I20-I23)-(I13/I5)-I31-I32)/I6,=((J6-J15-J16-J20-J23)-(J13/J5)-J31-J32)/J6,=((K6-K15-K16-K20-K23)-(K13/K5)-K31-K32)/K6,,,,,=((P6-P15-P16-P20-P23)-(P13/P5)-P31-P32)/P6,=((Q6-Q15-Q16-Q20-Q23)-(Q13/Q5)-Q31-Q32)/Q6,=((R6-R15-R16-R20-R23)-(R13/R5)-R31-R32)/R6,=((S6-S15-S16-S20-S23)-(S13/S5)-S31-S32)/S6,=((T6-T15-T16-T20-T23)-(T13/T5)-T31-T32)/T6,=((U6-U15-U16-U20-U23)-(U13/U5)-U31-U32)/U6,=((V6-V15-V16-V20-V23)-(V13/V5)-V31-V32)/V6,=((W6-W15-W16-W20-W23)-(W13/W5)-W31-W32)/W6,=((X6-X15-X16-X20-X23)-(X13/X5)-X31-X32)/X6,=((Y6-Y15-Y16-Y20-Y23)-(Y13/Y5)-Y31-Y32)/Y6,=((Z6-Z15-Z16-Z20-Z23)-(Z13/Z5)-Z31-Z32)/Z6
,,,,=E11*E9,=F11*F9,=G11*G9,=H11*H9,=I11*I9,=J11*J9,=K11*K9,,,,,=P11*P9,=Q11*Q9,=R11*R9,=S11*S9,=T11*T9,=U11*U9,=V11*V9,=W11*W9,=X11*X9,=Y11*Y9,=Z11*Z9
,,,,=SUM(F13:J13),,,,,,,,,,,,,,,,,,,,,
,,,,=F14*$F$5+G14*$G$5+H14*$H$5+$I$5*I14+J14*$J$5+K14*$K$5+L14*$L$5+M14*$M$5,=F16+F15+F20+F23+F31+F32,=G16+G15+G20+G23+G31+G32,=H16+H15+H20+H23+H31+H32,=I16+I15+I20+I23+I31+I32,=J16+J15+J20+J23+J31+J32,=K16+K15+K20+K23+K31+K32,=L16+L15+L20+L23+L31+L32,=M16+M15+M20+M23+M31+M32,=(E14/$E$5)/($N$7-$E$13/$E$5),<openpyxl.worksheet.formula.ArrayFormula object at 0x7f7c4a3d76e0>,=P16+P15+P20+P23+P31+P32,=Q16+Q15+Q20+Q23+Q31+Q32,=R16+R15+R20+R23+R31+R32,=S16+S15+S20+S23+S31+S32,=T16+T15+T20+T23+T31+T32,=U16+U15+U20+U23+U31+U32,=V16+V15+V20+V23+V31+V32,=W16+W15+W20+W23+W31+W32,=X16+X15+X20+X23+X31+X32,=Y16+Y15+Y20+Y23+Y31+Y32,=Z16+Z15+Z20+Z23+Z31+Z32
,,,,=F15*$F$5+G15*$G$5+H15*$H$5+$I$5*I15+J15*$J$5+K15*$K$5+L15*$L$5+M15*$M$5,=配置明细!G24,=F15,=G15,=H15,=I15,=J15,,,=(E15/$E$5)/($N$7-$E$13/$E$5),<openpyxl.worksheet.formula.ArrayFormula object at 0x7f7c4a3be780>,"=VLOOKUP(P3,配置明细!$B$2:$G$23,6,0)","=VLOOKUP(Q3,配置明细!$B$2:$G$23,6,0)","=VLOOKUP(R3,配置明细!$B$2:$G$23,6,0)","=VLOOKUP(S3,配置明细!$B$2:$G$23,6,0)","=VLOOKUP(T3,配置明细!$B$2:$G$23,6,0)","=VLOOKUP(U3,配置明细!$B$2:$G$23,6,0)","=VLOOKUP(V3,配置明细!$B$2:$G$23,6,0)","=VLOOKUP(W3,配置明细!$B$2:$G$23,6,0)","=VLOOKUP(X3,配置明细!$B$2:$G$23,6,0)","=VLOOKUP(Y3,配置明细!$B$2:$G$23,6,0)","=VLOOKUP(Z3,配置明细!$B$2:$G$23,6,0)"
,,,,=F16*$F$5+G16*$G$5+H16*$H$5+$I$5*I16+J16*$J$5+K16*$K$5+L16*$L$5+M16*$M$5,=F17+F18+F19,=G17+G18+G19,=H17+H18+H19,=H16,=I16,=J16,,,=(E16/$E$5)/($N$7-$E$13/$E$5),<openpyxl.worksheet.formula.ArrayFormula object at 0x7f7c4a3bc590>,=P17+P18+P19,=Q17+Q18+Q19,=R17+R18+R19,=S17+S18+S19,=T17+T18+T19,=U17+U18+U19,=V17+V18+V19,=W17+W18+W19,=X17+X18+X19,=Y17+Y18+Y19,=Z17+Z18+Z19
,,,,=F17*$F$5+G17*$G$5+H17*$H$5+$I$5*I17+J17*$J$5+K17*$K$5+L17*$L$5+M17*$M$5,=配置明细!L24*运营工时费报价基准!E8/运营工时费报价基准!$M$5,=F17,=G17,=H17,=I17,=J17,,,=(E17/$E$5)/($N$7-$E$13/$E$5),<openpyxl.worksheet.formula.ArrayFormula object at 0x7f7c4a340e00>,"=VLOOKUP(P3,配置明细!$B$2:$L$24,11,0)*运营工时费报价基准!$D$6/运营工时费报价基准!$M$5","=VLOOKUP(Q3,配置明细!$B$2:$L$24,11,0)*运营工时费报价基准!$D$6/运营工时费报价基准!$M$5","=VLOOKUP(R3,配置明细!$B$2:$L$24,11,0)*运营工时费报价基准!$D$6/运营工时费报价基准!$M$5","=VLOOKUP(S3,配置明细!$B$2:$L$24,11,0)*运营工时费报价基准!$D$6/运营工时费报价基准!$M$5","=VLOOKUP(T3,配置明细!$B$2:$L$24,11,0)*运营工时费报价基准!$D$6/运营工时费报价基准!$M$5","=VLOOKUP(U3,配置明细!$B$2:$L$24,11,0)*运营工时费报价基准!$D$6/运营工时费报价基准!$M$5","=VLOOKUP(V3,配置明细!$B$2:$L$24,11,0)*运营工时费报价基准!$D$6/运营工时费报价基准!$M$5","=VLOOKUP(W3,配置明细!$B$2:$L$24,11,0)*运营工时费报价基准!$D$6/运营工时费报价基准!$M$5","=VLOOKUP(X3,配置明细!$B$2:$L$24,11,0)*运营工时费报价基准!$D$6/运营工时费报价基准!$M$5","=VLOOKUP(Y3,配置明细!$B$2:$L$24,11,0)*运营工时费报价基准!$D$6/运营工时费报价基准!$M$5","=VLOOKUP(Z3,配置明细!$B$2:$L$24,11,0)*运营工时费报价基准!$D$6/运营工时费报价基准!$M$5"
,,,,=F18*$F$5+G18*$G$5+H18*$H$5+$I$5*I18+J18*$J$5+K18*$K$5+L18*$L$5+M18*$M$5,=配置明细!M24*运营工时费报价基准!$E$8/运营工时费报价基准!$M$5,=F18,=G18,=H18,=I18,=J18,,,=(E18/$E$5)/($N$7-$E$13/$E$5),<openpyxl.worksheet.formula.ArrayFormula object at 0x7f7c4a312870>,"=VLOOKUP(P3,配置明细!$B$2:$M$24,12,0)*运营工时费报价基准!$E$8/运营工时费报价基准!$M$5","=VLOOKUP(Q3,配置明细!$B$2:$M$24,12,0)*运营工时费报价基准!$E$8/运营工时费报价基准!$M$5","=VLOOKUP(R3,配置明细!$B$2:$M$24,12,0)*运营工时费报价基准!$E$8/运营工时费报价基准!$M$5","=VLOOKUP(S3,配置明细!$B$2:$M$24,12,0)*运营工时费报价基准!$E$8/运营工时费报价基准!$M$5","=VLOOKUP(T3,配置明细!$B$2:$M$24,12,0)*运营工时费报价基准!$E$8/运营工时费报价基准!$M$5","=VLOOKUP(U3,配置明细!$B$2:$M$24,12,0)*运营工时费报价基准!$E$8/运营工时费报价基准!$M$5","=VLOOKUP(V3,配置明细!$B$2:$M$24,12,0)*运营工时费报价基准!$E$8/运营工时费报价基准!$M$5","=VLOOKUP(W3,配置明细!$B$2:$M$24,12,0)*运营工时费报价基准!$E$8/运营工时费报价基准!$M$5","=VLOOKUP(X3,配置明细!$B$2:$M$24,12,0)*运营工时费报价基准!$E$8/运营工时费报价基准!$M$5","=VLOOKUP(Y3,配置明细!$B$2:$M$24,12,0)*运营工时费报价基准!$E$8/运营工时费报价基准!$M$5","=VLOOKUP(Z3,配置明细!$B$2:$M$24,12,0)*运营工时费报价基准!$E$8/运营工时费报价基准!$M$5"
,,,,=F19*$F$5+G19*$G$5+H19*$H$5+$I$5*I19+J19*$J$5+K19*$K$5+L19*$L$5+M19*$M$5,=配置明细!N24*运营工时费报价基准!$E$8/运营工时费报价基准!$M$5,=F19,=G19,=H19,=I19,=J19,,,=(E19/$E$5)/($N$7-$E$13/$E$5),<openpyxl.worksheet.formula.ArrayFormula object at 0x7f7c4a313bc0>,"=VLOOKUP(P3,配置明细!$B$2:$N$24,13,0)*运营工时费报价基准!$E$8/运营工时费报价基准!$M$5","=VLOOKUP(Q3,配置明细!$B$2:$N$24,13,0)*运营工时费报价基准!$E$8/运营工时费报价基准!$M$5","=VLOOKUP(R3,配置明细!$B$2:$N$24,13,0)*运营工时费报价基准!$E$8/运营工时费报价基准!$M$5","=VLOOKUP(S3,配置明细!$B$2:$N$24,13,0)*运营工时费报价基准!$E$8/运营工时费报价基准!$M$5","=VLOOKUP(T3,配置明细!$B$2:$N$24,13,0)*运营工时费报价基准!$E$8/运营工时费报价基准!$M$5","=VLOOKUP(U3,配置明细!$B$2:$N$24,13,0)*运营工时费报价基准!$E$8/运营工时费报价基准!$M$5","=VLOOKUP(V3,配置明细!$B$2:$N$24,13,0)*运营工时费报价基准!$E$8/运营工时费报价基准!$M$5","=VLOOKUP(W3,配置明细!$B$2:$N$24,13,0)*运营工时费报价基准!$E$8/运营工时费报价基准!$M$5","=VLOOKUP(X3,配置明细!$B$2:$N$24,13,0)*运营工时费报价基准!$E$8/运营工时费报价基准!$M$5","=VLOOKUP(Y3,配置明细!$B$2:$N$24,13,0)*运营工时费报价基准!$E$8/运营工时费报价基准!$M$5","=VLOOKUP(Z3,配置明细!$B$2:$N$24,13,0)*运营工时费报价基准!$E$8/运营工时费报价基准!$M$5"
,,,,=F20*$F$5+G20*$G$5+H20*$H$5+$I$5*I20+J20*$J$5+K20*$K$5+L20*$L$5+M20*$M$5,=F21+F22,=G21+G22,=H21+H22,=H20,=I20,=J20,,,=(E20/$E$5)/($N$7-$E$13/$E$5),<openpyxl.worksheet.formula.ArrayFormula object at 0x7f7c4a341130>,=P21+P22,=Q21+Q22,=R21+R22,=S21+S22,=T21+T22,=U21+U22,=V21+V22,=W21+W22,=X21+X22,=Y21+Y22,=Z21+Z22
,,,,=F21*$F$5+G21*$G$5+H21*$H$5+$I$5*I21+J21*$J$5+K21*$K$5+L21*$L$5+M21*$M$5,=设备投资明细!K30,=F21,=G21,=H21,=I21,=J21,,,=(E21/$E$5)/($N$7-$E$13/$E$5),<openpyxl.worksheet.formula.ArrayFormula object at 0x7f7c4a3429c0>,=设备投资明细!Q30,=设备投资明细!R30,=设备投资明细!S30,=设备投资明细!T30,=设备投资明细!U30,=设备投资明细!V30,=设备投资明细!W30,=设备投资明细!X30,=设备投资明细!Y30,=设备投资明细!Z30,=设备投资明细!AA30
,,,,=F22*$F$5+G22*$G$5+H22*$H$5+$I$5*I22+J22*$J$5+K22*$K$5+L22*$L$5+M22*$M$5,=设备投资明细!J40+项目专用模具!L13+'项目工装投入 '!N27,=设备投资明细!J40+项目专用模具!L13+'项目工装投入 '!L25,=G22,=H22,=I22,=J22,,,=(E22/$E$5)/($N$7-$E$13/$E$5),<openpyxl.worksheet.formula.ArrayFormula object at 0x7f7c4a3d47a0>,=设备投资明细!Q40+项目专用模具!O12+'项目工装投入 '!O15,=设备投资明细!R40+项目专用模具!P12+'项目工装投入 '!P15,=设备投资明细!S40+项目专用模具!Q12+'项目工装投入 '!Q15,=设备投资明细!T40+项目专用模具!R12+'项目工装投入 '!R15,=设备投资明细!U40+项目专用模具!S12+'项目工装投入 '!S15,=设备投资明细!V40+项目专用模具!T12+'项目工装投入 '!T15,=设备投资明细!W40+项目专用模具!U12+'项目工装投入 '!U15,=设备投资明细!X40+项目专用模具!V12+'项目工装投入 '!V15,=设备投资明细!Y40+项目专用模具!W12+'项目工装投入 '!W15,=设备投资明细!Z40+项目专用模具!X12+'项目工装投入 '!X15,=设备投资明细!AA40+项目专用模具!Y12+'项目工装投入 '!Y15
,,,,=F23*$F$5+G23*$G$5+H23*$H$5+$I$5*I23+J23*$J$5+K23*$K$5+L23*$L$5+M23*$M$5,=F24+F25+F26+F27+F28+F29+F30,=G24+G25+G26+G27+G28+G29+G30,=H24+H25+H26+H27+H28+H29+H30,=I24+I25+I26+I27+I28+I29+I30,=J24+J25+J26+J27+J28+J29+J30,=K24+K25+K26+K27+K28+K29+K30,,,=(E23/$E$5)/($N$7-$E$13/$E$5),<openpyxl.worksheet.formula.ArrayFormula object at 0x7f7c4a3bc7d0>,=P24+P25+P26+P27+P28+P29+P30,=Q24+Q25+Q26+Q27+Q28+Q29+Q30,=R24+R25+R26+R27+R28+R29+R30,=S24+S25+S26+S27+S28+S29+S30,=T24+T25+T26+T27+T28+T29+T30,=U24+U25+U26+U27+U28+U29+U30,=V24+V25+V26+V27+V28+V29+V30,=W24+W25+W26+W27+W28+W29+W30,=X24+X25+X26+X27+X28+X29+X30,=Y24+Y25+Y26+Y27+Y28+Y29+Y30,=Z24+Z25+Z26+Z27+Z28+Z29+Z30
,,,,=F24*$F$5+G24*$G$5+H24*$H$5+$I$5*I24+J24*$J$5+K24*$K$5+L24*$L$5+M24*$M$5,=(配置明细!$L$24+配置明细!$M$24+配置明细!$N$24)*运营工时费报价基准!E10,=F24,=G24,=H24,=I24,=J24,,,=(E24/$E$5)/($N$7-$E$13/$E$5),<openpyxl.worksheet.formula.ArrayFormula object at 0x7f7c4a353740>,"=(VLOOKUP(P$3,配置明细!$B$2:$L$24,11,0)+VLOOKUP(P$3,配置明细!$B$3:$M$24,12,0)+VLOOKUP(P$3,配置明细!$B$3:$N$24,13,0))*运营工时费报价基准!$E$10","=(VLOOKUP(Q$3,配置明细!$B$2:$L$24,11,0)+VLOOKUP(Q$3,配置明细!$B$3:$M$24,12,0)+VLOOKUP(Q$3,配置明细!$B$3:$N$24,13,0))*运营工时费报价基准!$E$10","=(VLOOKUP(R$3,配置明细!$B$2:$L$24,11,0)+VLOOKUP(R$3,配置明细!$B$3:$M$24,12,0)+VLOOKUP(R$3,配置明细!$B$3:$N$24,13,0))*运营工时费报价基准!$E$10","=(VLOOKUP(S$3,配置明细!$B$2:$L$24,11,0)+VLOOKUP(S$3,配置明细!$B$3:$M$24,12,0)+VLOOKUP(S$3,配置明细!$B$3:$N$24,13,0))*运营工时费报价基准!$E$10","=(VLOOKUP(T$3,配置明细!$B$2:$L$24,11,0)+VLOOKUP(T$3,配置明细!$B$3:$M$24,12,0)+VLOOKUP(T$3,配置明细!$B$3:$N$24,13,0))*运营工时费报价基准!$E$10","=(VLOOKUP(U$3,配置明细!$B$2:$L$24,11,0)+VLOOKUP(U$3,配置明细!$B$3:$M$24,12,0)+VLOOKUP(U$3,配置明细!$B$3:$N$24,13,0))*运营工时费报价基准!$E$10","=(VLOOKUP(V$3,配置明细!$B$2:$L$24,11,0)+VLOOKUP(V$3,配置明细!$B$3:$M$24,12,0)+VLOOKUP(V$3,配置明细!$B$3:$N$24,13,0))*运营工时费报价基准!$E$10","=(VLOOKUP(W$3,配置明细!$B$2:$L$24,11,0)+VLOOKUP(W$3,配置明细!$B$3:$M$24,12,0)+VLOOKUP(W$3,配置明细!$B$3:$N$24,13,0))*运营工时费报价基准!$E$10","=(VLOOKUP(X$3,配置明细!$B$2:$L$24,11,0)+VLOOKUP(X$3,配置明细!$B$3:$M$24,12,0)+VLOOKUP(X$3,配置明细!$B$3:$N$24,13,0))*运营工时费报价基准!$E$10","=(VLOOKUP(Y$3,配置明细!$B$2:$L$24,11,0)+VLOOKUP(Y$3,配置明细!$B$3:$M$24,12,0)+VLOOKUP(Y$3,配置明细!$B$3:$N$24,13,0))*运营工时费报价基准!$E$10","=(VLOOKUP(Z$3,配置明细!$B$2:$L$24,11,0)+VLOOKUP(Z$3,配置明细!$B$3:$M$24,12,0)+VLOOKUP(Z$3,配置明细!$B$3:$N$24,13,0))*运营工时费报价基准!$E$10"
,,,,=F25*$F$5+G25*$G$5+H25*$H$5+$I$5*I25+J25*$J$5+K25*$K$5+L25*$L$5+M25*$M$5,=(配置明细!$L$24+配置明细!$M$24+配置明细!$N$24)*运营工时费报价基准!E11,=F25,=G25,=H25,=I25,=J25,,,=(E25/$E$5)/($N$7-$E$13/$E$5),<openpyxl.worksheet.formula.ArrayFormula object at 0x7f7c4a352930>,"=(VLOOKUP(P$3,配置明细!$B$2:$L$24,11,0)+VLOOKUP(P$3,配置明细!$B$3:$M$24,12,0)+VLOOKUP(P$3,配置明细!$B$3:$N$24,13,0))*运营工时费报价基准!$E$11","=(VLOOKUP(Q$3,配置明细!$B$2:$L$24,11,0)+VLOOKUP(Q$3,配置明细!$B$3:$M$24,12,0)+VLOOKUP(Q$3,配置明细!$B$3:$N$24,13,0))*运营工时费报价基准!$E$11","=(VLOOKUP(R$3,配置明细!$B$2:$L$24,11,0)+VLOOKUP(R$3,配置明细!$B$3:$M$24,12,0)+VLOOKUP(R$3,配置明细!$B$3:$N$24,13,0))*运营工时费报价基准!$E$11","=(VLOOKUP(S$3,配置明细!$B$2:$L$24,11,0)+VLOOKUP(S$3,配置明细!$B$3:$M$24,12,0)+VLOOKUP(S$3,配置明细!$B$3:$N$24,13,0))*运营工时费报价基准!$E$11","=(VLOOKUP(T$3,配置明细!$B$2:$L$24,11,0)+VLOOKUP(T$3,配置明细!$B$3:$M$24,12,0)+VLOOKUP(T$3,配置明细!$B$3:$N$24,13,0))*运营工时费报价基准!$E$11","=(VLOOKUP(U$3,配置明细!$B$2:$L$24,11,0)+VLOOKUP(U$3,配置明细!$B$3:$M$24,12,0)+VLOOKUP(U$3,配置明细!$B$3:$N$24,13,0))*运营工时费报价基准!$E$11","=(VLOOKUP(V$3,配置明细!$B$2:$L$24,11,0)+VLOOKUP(V$3,配置明细!$B$3:$M$24,12,0)+VLOOKUP(V$3,配置明细!$B$3:$N$24,13,0))*运营工时费报价基准!$E$11","=(VLOOKUP(W$3,配置明细!$B$2:$L$24,11,0)+VLOOKUP(W$3,配置明细!$B$3:$M$24,12,0)+VLOOKUP(W$3,配置明细!$B$3:$N$24,13,0))*运营工时费报价基准!$E$11","=(VLOOKUP(X$3,配置明细!$B$2:$L$24,11,0)+VLOOKUP(X$3,配置明细!$B$3:$M$24,12,0)+VLOOKUP(X$3,配置明细!$B$3:$N$24,13,0))*运营工时费报价基准!$E$11","=(VLOOKUP(Y$3,配置明细!$B$2:$L$24,11,0)+VLOOKUP(Y$3,配置明细!$B$3:$M$24,12,0)+VLOOKUP(Y$3,配置明细!$B$3:$N$24,13,0))*运营工时费报价基准!$E$11","=(VLOOKUP(Z$3,配置明细!$B$2:$L$24,11,0)+VLOOKUP(Z$3,配置明细!$B$3:$M$24,12,0)+VLOOKUP(Z$3,配置明细!$B$3:$N$24,13,0))*运营工时费报价基准!$E$11"
,,,,=F26*$F$5+G26*$G$5+H26*$H$5+$I$5*I26+J26*$J$5+K26*$K$5+L26*$L$5+M26*$M$5,=(配置明细!$L$24+配置明细!$M$24+配置明细!$N$24)*运营工时费报价基准!E12,=F26,=G26,=H26,=I26,=J26,,,=(E26/$E$5)/($N$7-$E$13/$E$5),<openpyxl.worksheet.formula.ArrayFormula object at 0x7f7c4a350410>,"=(VLOOKUP(P$3,配置明细!$B$2:$L$24,11,0)+VLOOKUP(P$3,配置明细!$B$3:$M$24,12,0)+VLOOKUP(P$3,配置明细!$B$3:$N$24,13,0))*运营工时费报价基准!$E$12","=(VLOOKUP(Q$3,配置明细!$B$2:$L$24,11,0)+VLOOKUP(Q$3,配置明细!$B$3:$M$24,12,0)+VLOOKUP(Q$3,配置明细!$B$3:$N$24,13,0))*运营工时费报价基准!$E$12","=(VLOOKUP(R$3,配置明细!$B$2:$L$24,11,0)+VLOOKUP(R$3,配置明细!$B$3:$M$24,12,0)+VLOOKUP(R$3,配置明细!$B$3:$N$24,13,0))*运营工时费报价基准!$E$12","=(VLOOKUP(S$3,配置明细!$B$2:$L$24,11,0)+VLOOKUP(S$3,配置明细!$B$3:$M$24,12,0)+VLOOKUP(S$3,配置明细!$B$3:$N$24,13,0))*运营工时费报价基准!$E$12","=(VLOOKUP(T$3,配置明细!$B$2:$L$24,11,0)+VLOOKUP(T$3,配置明细!$B$3:$M$24,12,0)+VLOOKUP(T$3,配置明细!$B$3:$N$24,13,0))*运营工时费报价基准!$E$12","=(VLOOKUP(U$3,配置明细!$B$2:$L$24,11,0)+VLOOKUP(U$3,配置明细!$B$3:$M$24,12,0)+VLOOKUP(U$3,配置明细!$B$3:$N$24,13,0))*运营工时费报价基准!$E$12","=(VLOOKUP(V$3,配置明细!$B$2:$L$24,11,0)+VLOOKUP(V$3,配置明细!$B$3:$M$24,12,0)+VLOOKUP(V$3,配置明细!$B$3:$N$24,13,0))*运营工时费报价基准!$E$12","=(VLOOKUP(W$3,配置明细!$B$2:$L$24,11,0)+VLOOKUP(W$3,配置明细!$B$3:$M$24,12,0)+VLOOKUP(W$3,配置明细!$B$3:$N$24,13,0))*运营工时费报价基准!$E$12","=(VLOOKUP(X$3,配置明细!$B$2:$L$24,11,0)+VLOOKUP(X$3,配置明细!$B$3:$M$24,12,0)+VLOOKUP(X$3,配置明细!$B$3:$N$24,13,0))*运营工时费报价基准!$E$12","=(VLOOKUP(Y$3,配置明细!$B$2:$L$24,11,0)+VLOOKUP(Y$3,配置明细!$B$3:$M$24,12,0)+VLOOKUP(Y$3,配置明细!$B$3:$N$24,13,0))*运营工时费报价基准!$E$12","=(VLOOKUP(Z$3,配置明细!$B$2:$L$24,11,0)+VLOOKUP(Z$3,配置明细!$B$3:$M$24,12,0)+VLOOKUP(Z$3,配置明细!$B$3:$N$24,13,0))*运营工时费报价基准!$E$12"
,,,,=F27*$F$5+G27*$G$5+H27*$H$5+$I$5*I27+J27*$J$5+K27*$K$5+L27*$L$5+M27*$M$5,=(配置明细!$L$24+配置明细!$M$24+配置明细!$N$24)*运营工时费报价基准!E13,=F27,=G27,=H27,=I27,=J27,,,=(E27/$E$5)/($N$7-$E$13/$E$5),<openpyxl.worksheet.formula.ArrayFormula object at 0x7f7c4a35ca70>,"=(VLOOKUP(P$3,配置明细!$B$2:$L$24,11,0)+VLOOKUP(P$3,配置明细!$B$3:$M$24,12,0)+VLOOKUP(P$3,配置明细!$B$3:$N$24,13,0))*运营工时费报价基准!$E$13","=(VLOOKUP(Q$3,配置明细!$B$2:$L$24,11,0)+VLOOKUP(Q$3,配置明细!$B$3:$M$24,12,0)+VLOOKUP(Q$3,配置明细!$B$3:$N$24,13,0))*运营工时费报价基准!$E$13","=(VLOOKUP(R$3,配置明细!$B$2:$L$24,11,0)+VLOOKUP(R$3,配置明细!$B$3:$M$24,12,0)+VLOOKUP(R$3,配置明细!$B$3:$N$24,13,0))*运营工时费报价基准!$E$13","=(VLOOKUP(S$3,配置明细!$B$2:$L$24,11,0)+VLOOKUP(S$3,配置明细!$B$3:$M$24,12,0)+VLOOKUP(S$3,配置明细!$B$3:$N$24,13,0))*运营工时费报价基准!$E$13","=(VLOOKUP(T$3,配置明细!$B$2:$L$24,11,0)+VLOOKUP(T$3,配置明细!$B$3:$M$24,12,0)+VLOOKUP(T$3,配置明细!$B$3:$N$24,13,0))*运营工时费报价基准!$E$13","=(VLOOKUP(U$3,配置明细!$B$2:$L$24,11,0)+VLOOKUP(U$3,配置明细!$B$3:$M$24,12,0)+VLOOKUP(U$3,配置明细!$B$3:$N$24,13,0))*运营工时费报价基准!$E$13","=(VLOOKUP(V$3,配置明细!$B$2:$L$24,11,0)+VLOOKUP(V$3,配置明细!$B$3:$M$24,12,0)+VLOOKUP(V$3,配置明细!$B$3:$N$24,13,0))*运营工时费报价基准!$E$13","=(VLOOKUP(W$3,配置明细!$B$2:$L$24,11,0)+VLOOKUP(W$3,配置明细!$B$3:$M$24,12,0)+VLOOKUP(W$3,配置明细!$B$3:$N$24,13,0))*运营工时费报价基准!$E$13","=(VLOOKUP(X$3,配置明细!$B$2:$L$24,11,0)+VLOOKUP(X$3,配置明细!$B$3:$M$24,12,0)+VLOOKUP(X$3,配置明细!$B$3:$N$24,13,0))*运营工时费报价基准!$E$13","=(VLOOKUP(Y$3,配置明细!$B$2:$L$24,11,0)+VLOOKUP(Y$3,配置明细!$B$3:$M$24,12,0)+VLOOKUP(Y$3,配置明细!$B$3:$N$24,13,0))*运营工时费报价基准!$E$13","=(VLOOKUP(Z$3,配置明细!$B$2:$L$24,11,0)+VLOOKUP(Z$3,配置明细!$B$3:$M$24,12,0)+VLOOKUP(Z$3,配置明细!$B$3:$N$24,13,0))*运营工时费报价基准!$E$13"
,,,,=F28*$F$5+G28*$G$5+H28*$H$5+$I$5*I28+J28*$J$5+K28*$K$5+L28*$L$5+M28*$M$5,=(配置明细!$L$24+配置明细!$M$24+配置明细!$N$24)*运营工时费报价基准!E14,=F28,=G28,=H28,=I28,=J28,,,=(E28/$E$5)/($N$7-$E$13/$E$5),<openpyxl.worksheet.formula.ArrayFormula object at 0x7f7c4a3d7650>,"=(VLOOKUP(P$3,配置明细!$B$2:$L$24,11,0)+VLOOKUP(P$3,配置明细!$B$3:$M$24,12,0)+VLOOKUP(P$3,配置明细!$B$3:$N$24,13,0))*运营工时费报价基准!$E$14","=(VLOOKUP(Q$3,配置明细!$B$2:$L$24,11,0)+VLOOKUP(Q$3,配置明细!$B$3:$M$24,12,0)+VLOOKUP(Q$3,配置明细!$B$3:$N$24,13,0))*运营工时费报价基准!$E$14","=(VLOOKUP(R$3,配置明细!$B$2:$L$24,11,0)+VLOOKUP(R$3,配置明细!$B$3:$M$24,12,0)+VLOOKUP(R$3,配置明细!$B$3:$N$24,13,0))*运营工时费报价基准!$E$14","=(VLOOKUP(S$3,配置明细!$B$2:$L$24,11,0)+VLOOKUP(S$3,配置明细!$B$3:$M$24,12,0)+VLOOKUP(S$3,配置明细!$B$3:$N$24,13,0))*运营工时费报价基准!$E$14","=(VLOOKUP(T$3,配置明细!$B$2:$L$24,11,0)+VLOOKUP(T$3,配置明细!$B$3:$M$24,12,0)+VLOOKUP(T$3,配置明细!$B$3:$N$24,13,0))*运营工时费报价基准!$E$14","=(VLOOKUP(U$3,配置明细!$B$2:$L$24,11,0)+VLOOKUP(U$3,配置明细!$B$3:$M$24,12,0)+VLOOKUP(U$3,配置明细!$B$3:$N$24,13,0))*运营工时费报价基准!$E$14","=(VLOOKUP(V$3,配置明细!$B$2:$L$24,11,0)+VLOOKUP(V$3,配置明细!$B$3:$M$24,12,0)+VLOOKUP(V$3,配置明细!$B$3:$N$24,13,0))*运营工时费报价基准!$E$14","=(VLOOKUP(W$3,配置明细!$B$2:$L$24,11,0)+VLOOKUP(W$3,配置明细!$B$3:$M$24,12,0)+VLOOKUP(W$3,配置明细!$B$3:$N$24,13,0))*运营工时费报价基准!$E$14","=(VLOOKUP(X$3,配置明细!$B$2:$L$24,11,0)+VLOOKUP(X$3,配置明细!$B$3:$M$24,12,0)+VLOOKUP(X$3,配置明细!$B$3:$N$24,13,0))*运营工时费报价基准!$E$14","=(VLOOKUP(Y$3,配置明细!$B$2:$L$24,11,0)+VLOOKUP(Y$3,配置明细!$B$3:$M$24,12,0)+VLOOKUP(Y$3,配置明细!$B$3:$N$24,13,0))*运营工时费报价基准!$E$14","=(VLOOKUP(Z$3,配置明细!$B$2:$L$24,11,0)+VLOOKUP(Z$3,配置明细!$B$3:$M$24,12,0)+VLOOKUP(Z$3,配置明细!$B$3:$N$24,13,0))*运营工时费报价基准!$E$14"
,,,,=F29*$F$5+G29*$G$5+H29*$H$5+$I$5*I29+J29*$J$5+K29*$K$5+L29*$L$5+M29*$M$5,=(配置明细!$L$24+配置明细!$M$24+配置明细!$N$24)*运营工时费报价基准!E15,=F29,=G29,=H29,=I29,=J29,,,=(E29/$E$5)/($N$7-$E$13/$E$5),<openpyxl.worksheet.formula.ArrayFormula object at 0x7f7c4a350500>,"=(VLOOKUP(P$3,配置明细!$B$2:$L$24,11,0)+VLOOKUP(P$3,配置明细!$B$3:$M$24,12,0)+VLOOKUP(P$3,配置明细!$B$3:$N$24,13,0))*运营工时费报价基准!$E$15","=(VLOOKUP(Q$3,配置明细!$B$2:$L$24,11,0)+VLOOKUP(Q$3,配置明细!$B$3:$M$24,12,0)+VLOOKUP(Q$3,配置明细!$B$3:$N$24,13,0))*运营工时费报价基准!$E$15","=(VLOOKUP(R$3,配置明细!$B$2:$L$24,11,0)+VLOOKUP(R$3,配置明细!$B$3:$M$24,12,0)+VLOOKUP(R$3,配置明细!$B$3:$N$24,13,0))*运营工时费报价基准!$E$15","=(VLOOKUP(S$3,配置明细!$B$2:$L$24,11,0)+VLOOKUP(S$3,配置明细!$B$3:$M$24,12,0)+VLOOKUP(S$3,配置明细!$B$3:$N$24,13,0))*运营工时费报价基准!$E$15","=(VLOOKUP(T$3,配置明细!$B$2:$L$24,11,0)+VLOOKUP(T$3,配置明细!$B$3:$M$24,12,0)+VLOOKUP(T$3,配置明细!$B$3:$N$24,13,0))*运营工时费报价基准!$E$15","=(VLOOKUP(U$3,配置明细!$B$2:$L$24,11,0)+VLOOKUP(U$3,配置明细!$B$3:$M$24,12,0)+VLOOKUP(U$3,配置明细!$B$3:$N$24,13,0))*运营工时费报价基准!$E$15","=(VLOOKUP(V$3,配置明细!$B$2:$L$24,11,0)+VLOOKUP(V$3,配置明细!$B$3:$M$24,12,0)+VLOOKUP(V$3,配置明细!$B$3:$N$24,13,0))*运营工时费报价基准!$E$15","=(VLOOKUP(W$3,配置明细!$B$2:$L$24,11,0)+VLOOKUP(W$3,配置明细!$B$3:$M$24,12,0)+VLOOKUP(W$3,配置明细!$B$3:$N$24,13,0))*运营工时费报价基准!$E$15","=(VLOOKUP(X$3,配置明细!$B$2:$L$24,11,0)+VLOOKUP(X$3,配置明细!$B$3:$M$24,12,0)+VLOOKUP(X$3,配置明细!$B$3:$N$24,13,0))*运营工时费报价基准!$E$15","=(VLOOKUP(Y$3,配置明细!$B$2:$L$24,11,0)+VLOOKUP(Y$3,配置明细!$B$3:$M$24,12,0)+VLOOKUP(Y$3,配置明细!$B$3:$N$24,13,0))*运营工时费报价基准!$E$15","=(VLOOKUP(Z$3,配置明细!$B$2:$L$24,11,0)+VLOOKUP(Z$3,配置明细!$B$3:$M$24,12,0)+VLOOKUP(Z$3,配置明细!$B$3:$N$24,13,0))*运营工时费报价基准!$E$15"
,,,,=F30*$F$5+G30*$G$5+H30*$H$5+$I$5*I30+J30*$J$5+K30*$K$5+L30*$L$5+M30*$M$5,=F15*0.5%,=G15*0.5%,=H15*0.5%,=I15*0.5%,=J15*0.5%,=K15*0.5%,,,=(E30/$E$5)/($N$7-$E$13/$E$5),<openpyxl.worksheet.formula.ArrayFormula object at 0x7f7c4a3539e0>,=P15*0.5%,=Q15*0.5%,=R15*0.5%,=S15*0.5%,=T15*0.5%,=U15*0.5%,=V15*0.5%,=W15*0.5%,=X15*0.5%,=Y15*0.5%,=Z15*0.5%
,,,,=F31*$F$5+G31*$G$5+H31*$H$5+$I$5*I31+J31*$J$5+K31*$K$5+L31*$L$5+M31*$M$5,,=F31,=G31,=H31,=I31,=J31,,,=(E31/$E$5)/($N$7-$E$13/$E$5),<openpyxl.worksheet.formula.ArrayFormula object at 0x7f7c4a350bf0>,='研发费用 '!$F$21*P4,='研发费用 '!$F$21*Q4,='研发费用 '!$F$21*R4,='研发费用 '!$F$21*S4,='研发费用 '!$F$21*T4,='研发费用 '!$F$21*U4,='研发费用 '!$F$21*V4,='研发费用 '!$F$21*W4,='研发费用 '!$F$21*X4,='研发费用 '!$F$21*Y4,='研发费用 '!$F$21*Z4
,,,,=F32*$F$5+G32*$G$5+H32*$H$5+$I$5*I32+J32*$J$5+K32*$K$5+L32*$L$5+M32*$M$5,=包装物流费用!L25,=F32,=G32,=H32,=I32,=J32,,,=(E32/$E$5)/($N$7-$E$13/$E$5),<openpyxl.worksheet.formula.ArrayFormula object at 0x7f7c4a4a7650>,"=VLOOKUP(P3,包装物流费用!$A$3:$L$24,12,0)","=VLOOKUP(Q3,包装物流费用!$A$3:$L$24,12,0)","=VLOOKUP(R3,包装物流费用!$A$3:$L$24,12,0)","=VLOOKUP(S3,包装物流费用!$A$3:$L$24,12,0)","=VLOOKUP(T3,包装物流费用!$A$3:$L$24,12,0)","=VLOOKUP(U3,包装物流费用!$A$3:$L$24,12,0)","=VLOOKUP(V3,包装物流费用!$A$3:$L$24,12,0)","=VLOOKUP(W3,包装物流费用!$A$3:$L$24,12,0)","=VLOOKUP(X3,包装物流费用!$A$3:$L$24,12,0)","=VLOOKUP(Y3,包装物流费用!$A$3:$L$24,12,0)","=VLOOKUP(Z3,包装物流费用!$A$3:$L$24,12,0)"
,,,,,,,,,,,,,,,,,,,,,,,,,
,,,,,,,,,,,,,,,,,,,,,,,,,
,,,,,,,<openpyxl.worksheet.formula.ArrayFormula object at 0x7f7c4a20f890>,='项目工装投入 '!L21,,,,,,=设备投资明细!N42,<openpyxl.worksheet.formula.ArrayFormula object at 0x7f7c4a20f710>,,,,,,,,,,
,,,,,,,,=126/5,,,,,,=设备投资明细!N43,=$E$5,=$E$5,=$E$5,=$E$5,=$E$5,=$E$5,=$E$5,=$E$5,=$E$5,=$E$5,=$E$5
,,,,,,,,=H35+I35+I36,,,,,,=设备投资明细!N44,=P35*P36,=Q35*Q36,=R35*R36,=S35*S36,=T35*T36,=U35*U36,=V35*V36,=W35*W36,=X35*X36,=Y35*Y36,=Z35*Z36
,,,,,,,,=I37*50000+H35*35000,,,,,,,,,,,,,,,,,
,,,,,,,,=I38/F5,,,,,,,=P15/P6,=Q15/Q6,=R15/R6,=S15/S6,=T15/T6,=U15/U6,=V15/V6,=W15/W6,=X15/X6,=Y15/Y6,=Z15/Z6
,,,,,,,,,,,,,,,,,,,,,,,,,
,,,,,,,,,,,,,,,,,,,,,,,,,
,,,,,,,,,,,,,,,<openpyxl.worksheet.formula.ArrayFormula object at 0x7f7c4a20df10>,,,,,,,,,,
